entity_id,state,last_changed
sensor.ventomaxx_pwm_analyser_pwm_fan_sieht_mosfet_invertiert,unknown,2026-03-19T20:23:18.743Z
sensor.ventomaxx_pwm_analyser_pwm_fan_sieht_mosfet_invertiert,47.7588310241699,2026-03-19T20:23:18.934Z
sensor.ventomaxx_pwm_analyser_pwm_fan_sieht_mosfet_invertiert,47.3328666687012,2026-03-19T20:23:20.606Z
sensor.ventomaxx_pwm_analyser_pwm_fan_sieht_mosfet_invertiert,47.3725509643555,2026-03-19T20:23:23.626Z
sensor.ventomaxx_pwm_analyser_pwm_fan_sieht_mosfet_invertiert,47.4322738647461,2026-03-19T20:23:26.643Z
sensor.ventomaxx_pwm_analyser_pwm_fan_sieht_mosfet_invertiert,47.2629470825195,2026-03-19T20:23:29.670Z
sensor.ventomaxx_pwm_analyser_pwm_fan_sieht_mosfet_invertiert,47.2878646850586,2026-03-19T20:23:32.695Z
sensor.ventomaxx_pwm_analyser_pwm_fan_sieht_mosfet_invertiert,47.3008689880371,2026-03-19T20:23:35.716Z
sensor.ventomaxx_pwm_analyser_pwm_fan_sieht_mosfet_invertiert,47.2942504882812,2026-03-19T20:23:38.721Z
sensor.ventomaxx_pwm_analyser_pwm_fan_sieht_mosfet_invertiert,47.3003311157227,2026-03-19T20:23:41.758Z
sensor.ventomaxx_pwm_analyser_pwm_fan_sieht_mosfet_invertiert,47.2651596069336,2026-03-19T20:23:44.751Z
sensor.ventomaxx_pwm_analyser_pwm_fan_sieht_mosfet_invertiert,47.1985778808594,2026-03-19T20:23:47.765Z
sensor.ventomaxx_pwm_analyser_pwm_fan_sieht_mosfet_invertiert,47.2666244506836,2026-03-19T20:23:50.782Z
sensor.ventomaxx_pwm_analyser_pwm_fan_sieht_mosfet_invertiert,47.3661041259766,2026-03-19T20:23:53.797Z
sensor.ventomaxx_pwm_analyser_pwm_fan_sieht_mosfet_invertiert,unavailable,2026-03-19T20:24:18.728Z
sensor.ventomaxx_pwm_analyser_pwm_fan_sieht_mosfet_invertiert,47.202018737793,2026-03-19T20:24:18.875Z
sensor.ventomaxx_pwm_analyser_pwm_fan_sieht_mosfet_invertiert,47.0424118041992,2026-03-19T20:24:20.107Z
sensor.ventomaxx_pwm_analyser_pwm_fan_sieht_mosfet_invertiert,47.776252746582,2026-03-19T20:24:23.125Z
sensor.ventomaxx_pwm_analyser_pwm_fan_sieht_mosfet_invertiert,47.6485748291016,2026-03-19T20:24:26.144Z
sensor.ventomaxx_pwm_analyser_pwm_fan_sieht_mosfet_invertiert,47.4961738586426,2026-03-19T20:24:29.165Z
sensor.ventomaxx_pwm_analyser_pwm_fan_sieht_mosfet_invertiert,47.4861373901367,2026-03-19T20:24:32.175Z
sensor.ventomaxx_pwm_analyser_pwm_fan_sieht_mosfet_invertiert,47.5379447937012,2026-03-19T20:24:35.979Z
sensor.ventomaxx_pwm_analyser_pwm_fan_sieht_mosfet_invertiert,47.441822052002,2026-03-19T20:24:38.219Z
sensor.ventomaxx_pwm_analyser_pwm_fan_sieht_mosfet_invertiert,47.4652824401855,2026-03-19T20:24:41.258Z
sensor.ventomaxx_pwm_analyser_pwm_fan_sieht_mosfet_invertiert,46.7004547119141,2026-03-19T20:24:44.264Z
sensor.ventomaxx_pwm_analyser_pwm_fan_sieht_mosfet_invertiert,49.838996887207,2026-03-19T20:24:47.262Z
sensor.ventomaxx_pwm_analyser_pwm_fan_sieht_mosfet_invertiert,49.8693237304688,2026-03-19T20:24:50.281Z
sensor.ventomaxx_pwm_analyser_pwm_fan_sieht_mosfet_invertiert,49.9738159179688,2026-03-19T20:24:53.298Z
sensor.ventomaxx_pwm_analyser_pwm_fan_sieht_mosfet_invertiert,49.9365692138672,2026-03-19T20:24:56.322Z
sensor.ventomaxx_pwm_analyser_pwm_fan_sieht_mosfet_invertiert,49.9597778320312,2026-03-19T20:24:59.348Z
sensor.ventomaxx_pwm_analyser_pwm_fan_sieht_mosfet_invertiert,50.0048522949219,2026-03-19T20:25:02.353Z
sensor.ventomaxx_pwm_analyser_pwm_fan_sieht_mosfet_invertiert,49.993408203125,2026-03-19T20:25:05.370Z
sensor.ventomaxx_pwm_analyser_pwm_fan_sieht_mosfet_invertiert,49.9636192321777,2026-03-19T20:25:08.389Z
sensor.ventomaxx_pwm_analyser_pwm_fan_sieht_mosfet_invertiert,49.9199447631836,2026-03-19T20:25:11.406Z
sensor.ventomaxx_pwm_analyser_pwm_fan_sieht_mosfet_invertiert,49.9025573730469,2026-03-19T20:25:14.425Z
sensor.ventomaxx_pwm_analyser_pwm_fan_sieht_mosfet_invertiert,49.9318237304688,2026-03-19T20:25:17.442Z
sensor.ventomaxx_pwm_analyser_pwm_fan_sieht_mosfet_invertiert,49.9350662231445,2026-03-19T20:25:20.468Z
sensor.ventomaxx_pwm_analyser_pwm_fan_sieht_mosfet_invertiert,49.9671478271484,2026-03-19T20:25:23.479Z
sensor.ventomaxx_pwm_analyser_pwm_fan_sieht_mosfet_invertiert,49.9382247924805,2026-03-19T20:25:26.513Z
sensor.ventomaxx_pwm_analyser_pwm_fan_sieht_mosfet_invertiert,49.8921966552734,2026-03-19T20:25:29.519Z
sensor.ventomaxx_pwm_analyser_pwm_fan_sieht_mosfet_invertiert,50.0195083618164,2026-03-19T20:25:32.551Z
sensor.ventomaxx_pwm_analyser_pwm_fan_sieht_mosfet_invertiert,50.1257247924805,2026-03-19T20:25:35.562Z
sensor.ventomaxx_pwm_analyser_pwm_fan_sieht_mosfet_invertiert,49.9544296264648,2026-03-19T20:25:38.595Z
sensor.ventomaxx_pwm_analyser_pwm_fan_sieht_mosfet_invertiert,50.0312576293945,2026-03-19T20:25:41.594Z
sensor.ventomaxx_pwm_analyser_pwm_fan_sieht_mosfet_invertiert,50.0244560241699,2026-03-19T20:25:44.640Z
sensor.ventomaxx_pwm_analyser_pwm_fan_sieht_mosfet_invertiert,50.0997772216797,2026-03-19T20:25:47.631Z
sensor.ventomaxx_pwm_analyser_pwm_fan_sieht_mosfet_invertiert,50.0362930297852,2026-03-19T20:25:50.648Z
sensor.ventomaxx_pwm_analyser_pwm_fan_sieht_mosfet_invertiert,50.0575065612793,2026-03-19T20:25:53.667Z
sensor.ventomaxx_pwm_analyser_pwm_fan_sieht_mosfet_invertiert,50.038948059082,2026-03-19T20:25:56.693Z
sensor.ventomaxx_pwm_analyser_pwm_fan_sieht_mosfet_invertiert,49.8384170532227,2026-03-19T20:25:59.709Z
sensor.ventomaxx_pwm_analyser_pwm_fan_sieht_mosfet_invertiert,49.7425804138184,2026-03-19T20:26:02.726Z
sensor.ventomaxx_pwm_analyser_pwm_fan_sieht_mosfet_invertiert,49.4601631164551,2026-03-19T20:26:05.746Z
sensor.ventomaxx_pwm_analyser_pwm_fan_sieht_mosfet_invertiert,49.3935317993164,2026-03-19T20:26:08.764Z
sensor.ventomaxx_pwm_analyser_pwm_fan_sieht_mosfet_invertiert,49.3099822998047,2026-03-19T20:26:11.781Z
sensor.ventomaxx_pwm_analyser_pwm_fan_sieht_mosfet_invertiert,49.2561645507812,2026-03-19T20:26:14.800Z
sensor.ventomaxx_pwm_analyser_pwm_fan_sieht_mosfet_invertiert,49.240837097168,2026-03-19T20:26:17.836Z
sensor.ventomaxx_pwm_analyser_pwm_fan_sieht_mosfet_invertiert,49.1906929016113,2026-03-19T20:26:20.843Z
sensor.ventomaxx_pwm_analyser_pwm_fan_sieht_mosfet_invertiert,50.0243835449219,2026-03-19T20:26:23.861Z
sensor.ventomaxx_pwm_analyser_pwm_fan_sieht_mosfet_invertiert,50.0897483825684,2026-03-19T20:26:26.888Z
sensor.ventomaxx_pwm_analyser_pwm_fan_sieht_mosfet_invertiert,50.1638870239258,2026-03-19T20:26:29.903Z
sensor.ventomaxx_pwm_analyser_pwm_fan_sieht_mosfet_invertiert,50.135383605957,2026-03-19T20:26:32.922Z
sensor.ventomaxx_pwm_analyser_pwm_fan_sieht_mosfet_invertiert,50.0270347595215,2026-03-19T20:26:37.093Z
sensor.ventomaxx_pwm_analyser_pwm_fan_sieht_mosfet_invertiert,49.9253234863281,2026-03-19T20:26:38.961Z
sensor.ventomaxx_pwm_analyser_pwm_fan_sieht_mosfet_invertiert,49.2989273071289,2026-03-19T20:26:41.989Z
sensor.ventomaxx_pwm_analyser_pwm_fan_sieht_mosfet_invertiert,49.4579772949219,2026-03-19T20:26:45.000Z
sensor.ventomaxx_pwm_analyser_pwm_fan_sieht_mosfet_invertiert,49.2416915893555,2026-03-19T20:26:48.025Z
sensor.ventomaxx_pwm_analyser_pwm_fan_sieht_mosfet_invertiert,49.1928329467773,2026-03-19T20:26:51.037Z
sensor.ventomaxx_pwm_analyser_pwm_fan_sieht_mosfet_invertiert,49.2956390380859,2026-03-19T20:26:54.062Z
sensor.ventomaxx_pwm_analyser_pwm_fan_sieht_mosfet_invertiert,49.263843536377,2026-03-19T20:26:57.075Z
sensor.ventomaxx_pwm_analyser_pwm_fan_sieht_mosfet_invertiert,49.2291717529297,2026-03-19T20:27:00.107Z
sensor.ventomaxx_pwm_analyser_pwm_fan_sieht_mosfet_invertiert,49.2625274658203,2026-03-19T20:27:03.116Z
sensor.ventomaxx_pwm_analyser_pwm_fan_sieht_mosfet_invertiert,49.2503051757812,2026-03-19T20:27:06.148Z
sensor.ventomaxx_pwm_analyser_pwm_fan_sieht_mosfet_invertiert,49.9294967651367,2026-03-19T20:27:09.157Z
sensor.ventomaxx_pwm_analyser_pwm_fan_sieht_mosfet_invertiert,50.0151863098145,2026-03-19T20:27:12.185Z
sensor.ventomaxx_pwm_analyser_pwm_fan_sieht_mosfet_invertiert,49.9614028930664,2026-03-19T20:27:15.199Z
sensor.ventomaxx_pwm_analyser_pwm_fan_sieht_mosfet_invertiert,49.8975296020508,2026-03-19T20:27:18.238Z
sensor.ventomaxx_pwm_analyser_pwm_fan_sieht_mosfet_invertiert,49.7610321044922,2026-03-19T20:27:21.245Z
sensor.ventomaxx_pwm_analyser_pwm_fan_sieht_mosfet_invertiert,49.614387512207,2026-03-19T20:27:24.278Z
sensor.ventomaxx_pwm_analyser_pwm_fan_sieht_mosfet_invertiert,49.9524383544922,2026-03-19T20:27:27.283Z
sensor.ventomaxx_pwm_analyser_pwm_fan_sieht_mosfet_invertiert,49.5949096679688,2026-03-19T20:27:30.320Z
sensor.ventomaxx_pwm_analyser_pwm_fan_sieht_mosfet_invertiert,49.1801300048828,2026-03-19T20:27:33.323Z
sensor.ventomaxx_pwm_analyser_pwm_fan_sieht_mosfet_invertiert,50.0996398925781,2026-03-19T20:27:36.350Z
sensor.ventomaxx_pwm_analyser_pwm_fan_sieht_mosfet_invertiert,49.9051856994629,2026-03-19T20:27:39.360Z
sensor.ventomaxx_pwm_analyser_pwm_fan_sieht_mosfet_invertiert,49.6989822387695,2026-03-19T20:27:42.400Z
sensor.ventomaxx_pwm_analyser_pwm_fan_sieht_mosfet_invertiert,49.7006988525391,2026-03-19T20:27:45.415Z
sensor.ventomaxx_pwm_analyser_pwm_fan_sieht_mosfet_invertiert,49.7560729980469,2026-03-19T20:27:48.420Z
sensor.ventomaxx_pwm_analyser_pwm_fan_sieht_mosfet_invertiert,49.6785125732422,2026-03-19T20:27:51.435Z
sensor.ventomaxx_pwm_analyser_pwm_fan_sieht_mosfet_invertiert,49.3236808776855,2026-03-19T20:27:54.452Z
sensor.ventomaxx_pwm_analyser_pwm_fan_sieht_mosfet_invertiert,49.3368186950684,2026-03-19T20:27:57.470Z
sensor.ventomaxx_pwm_analyser_pwm_fan_sieht_mosfet_invertiert,49.3222503662109,2026-03-19T20:28:00.498Z
sensor.ventomaxx_pwm_analyser_pwm_fan_sieht_mosfet_invertiert,49.1895904541016,2026-03-19T20:28:03.512Z
sensor.ventomaxx_pwm_analyser_pwm_fan_sieht_mosfet_invertiert,49.2420654296875,2026-03-19T20:28:06.531Z
sensor.ventomaxx_pwm_analyser_pwm_fan_sieht_mosfet_invertiert,49.5781402587891,2026-03-19T20:28:09.549Z
sensor.ventomaxx_pwm_analyser_pwm_fan_sieht_mosfet_invertiert,49.6827087402344,2026-03-19T20:28:12.569Z
sensor.ventomaxx_pwm_analyser_pwm_fan_sieht_mosfet_invertiert,49.7534103393555,2026-03-19T20:28:15.587Z
sensor.ventomaxx_pwm_analyser_pwm_fan_sieht_mosfet_invertiert,49.9107666015625,2026-03-19T20:28:18.605Z
sensor.ventomaxx_pwm_analyser_pwm_fan_sieht_mosfet_invertiert,49.8724060058594,2026-03-19T20:28:21.629Z
sensor.ventomaxx_pwm_analyser_pwm_fan_sieht_mosfet_invertiert,49.4652938842773,2026-03-19T20:28:24.646Z
sensor.ventomaxx_pwm_analyser_pwm_fan_sieht_mosfet_invertiert,50.0217781066895,2026-03-19T20:28:27.665Z
sensor.ventomaxx_pwm_analyser_pwm_fan_sieht_mosfet_invertiert,50.2226715087891,2026-03-19T20:28:30.684Z
sensor.ventomaxx_pwm_analyser_pwm_fan_sieht_mosfet_invertiert,50.1005325317383,2026-03-19T20:28:33.776Z
sensor.ventomaxx_pwm_analyser_pwm_fan_sieht_mosfet_invertiert,50.1897583007812,2026-03-19T20:28:36.721Z
sensor.ventomaxx_pwm_analyser_pwm_fan_sieht_mosfet_invertiert,50.0868377685547,2026-03-19T20:28:39.742Z
sensor.ventomaxx_pwm_analyser_pwm_fan_sieht_mosfet_invertiert,50.1231117248535,2026-03-19T20:28:43.871Z
sensor.ventomaxx_pwm_analyser_pwm_fan_sieht_mosfet_invertiert,50.2050476074219,2026-03-19T20:28:45.783Z
sensor.ventomaxx_pwm_analyser_pwm_fan_sieht_mosfet_invertiert,50.037971496582,2026-03-19T20:28:48.803Z
sensor.ventomaxx_pwm_analyser_pwm_fan_sieht_mosfet_invertiert,49.5537948608398,2026-03-19T20:28:52.640Z
sensor.ventomaxx_pwm_analyser_pwm_fan_sieht_mosfet_invertiert,49.4945373535156,2026-03-19T20:28:54.838Z
sensor.ventomaxx_pwm_analyser_pwm_fan_sieht_mosfet_invertiert,49.995044708252,2026-03-19T20:28:57.866Z
sensor.ventomaxx_pwm_analyser_pwm_fan_sieht_mosfet_invertiert,49.3658218383789,2026-03-19T20:29:00.881Z
sensor.ventomaxx_pwm_analyser_pwm_fan_sieht_mosfet_invertiert,49.5078811645508,2026-03-19T20:29:03.914Z
sensor.ventomaxx_pwm_analyser_pwm_fan_sieht_mosfet_invertiert,49.5165824890137,2026-03-19T20:29:06.932Z
sensor.ventomaxx_pwm_analyser_pwm_fan_sieht_mosfet_invertiert,49.775634765625,2026-03-19T20:29:09.945Z
sensor.ventomaxx_pwm_analyser_pwm_fan_sieht_mosfet_invertiert,49.8247413635254,2026-03-19T20:29:12.964Z
sensor.ventomaxx_pwm_analyser_pwm_fan_sieht_mosfet_invertiert,49.7856826782227,2026-03-19T20:29:15.995Z
sensor.ventomaxx_pwm_analyser_pwm_fan_sieht_mosfet_invertiert,49.7891235351562,2026-03-19T20:29:19.001Z
sensor.ventomaxx_pwm_analyser_pwm_fan_sieht_mosfet_invertiert,49.8401565551758,2026-03-19T20:29:22.036Z
sensor.ventomaxx_pwm_analyser_pwm_fan_sieht_mosfet_invertiert,49.741081237793,2026-03-19T20:29:25.044Z
sensor.ventomaxx_pwm_analyser_pwm_fan_sieht_mosfet_invertiert,49.7197113037109,2026-03-19T20:29:28.056Z
sensor.ventomaxx_pwm_analyser_pwm_fan_sieht_mosfet_invertiert,49.8798561096191,2026-03-19T20:29:31.072Z
sensor.ventomaxx_pwm_analyser_pwm_fan_sieht_mosfet_invertiert,49.9128189086914,2026-03-19T20:29:34.086Z
sensor.ventomaxx_pwm_analyser_pwm_fan_sieht_mosfet_invertiert,49.9892196655273,2026-03-19T20:29:37.148Z
sensor.ventomaxx_pwm_analyser_pwm_fan_sieht_mosfet_invertiert,49.6491088867188,2026-03-19T20:29:40.119Z
sensor.ventomaxx_pwm_analyser_pwm_fan_sieht_mosfet_invertiert,49.8582382202148,2026-03-19T20:29:43.141Z
sensor.ventomaxx_pwm_analyser_pwm_fan_sieht_mosfet_invertiert,49.4113464355469,2026-03-19T20:29:46.160Z
sensor.ventomaxx_pwm_analyser_pwm_fan_sieht_mosfet_invertiert,49.5271415710449,2026-03-19T20:29:49.179Z
sensor.ventomaxx_pwm_analyser_pwm_fan_sieht_mosfet_invertiert,49.5724563598633,2026-03-19T20:29:52.196Z
sensor.ventomaxx_pwm_analyser_pwm_fan_sieht_mosfet_invertiert,49.827075958252,2026-03-19T20:29:55.214Z
sensor.ventomaxx_pwm_analyser_pwm_fan_sieht_mosfet_invertiert,50.1311378479004,2026-03-19T20:29:58.232Z
sensor.ventomaxx_pwm_analyser_pwm_fan_sieht_mosfet_invertiert,50.146369934082,2026-03-19T20:30:01.252Z
sensor.ventomaxx_pwm_analyser_pwm_fan_sieht_mosfet_invertiert,50.1185607910156,2026-03-19T20:30:04.271Z
sensor.ventomaxx_pwm_analyser_pwm_fan_sieht_mosfet_invertiert,50.0244216918945,2026-03-19T20:30:07.294Z
sensor.ventomaxx_pwm_analyser_pwm_fan_sieht_mosfet_invertiert,50.0245132446289,2026-03-19T20:30:10.309Z
sensor.ventomaxx_pwm_analyser_pwm_fan_sieht_mosfet_invertiert,49.4480133056641,2026-03-19T20:30:13.346Z
sensor.ventomaxx_pwm_analyser_pwm_fan_sieht_mosfet_invertiert,49.3728103637695,2026-03-19T20:30:16.346Z
sensor.ventomaxx_pwm_analyser_pwm_fan_sieht_mosfet_invertiert,49.4700012207031,2026-03-19T20:30:19.388Z
sensor.ventomaxx_pwm_analyser_pwm_fan_sieht_mosfet_invertiert,49.608024597168,2026-03-19T20:30:22.387Z
sensor.ventomaxx_pwm_analyser_pwm_fan_sieht_mosfet_invertiert,49.7052726745605,2026-03-19T20:30:25.427Z
sensor.ventomaxx_pwm_analyser_pwm_fan_sieht_mosfet_invertiert,50.1282958984375,2026-03-19T20:30:28.430Z
sensor.ventomaxx_pwm_analyser_pwm_fan_sieht_mosfet_invertiert,49.9262008666992,2026-03-19T20:30:31.471Z
sensor.ventomaxx_pwm_analyser_pwm_fan_sieht_mosfet_invertiert,49.2831916809082,2026-03-19T20:30:34.461Z
sensor.ventomaxx_pwm_analyser_pwm_fan_sieht_mosfet_invertiert,49.3345680236816,2026-03-19T20:30:37.484Z
sensor.ventomaxx_pwm_analyser_pwm_fan_sieht_mosfet_invertiert,49.3456497192383,2026-03-19T20:30:40.499Z
sensor.ventomaxx_pwm_analyser_pwm_fan_sieht_mosfet_invertiert,49.8351249694824,2026-03-19T20:30:43.550Z
sensor.ventomaxx_pwm_analyser_pwm_fan_sieht_mosfet_invertiert,50.2022857666016,2026-03-19T20:30:46.565Z
sensor.ventomaxx_pwm_analyser_pwm_fan_sieht_mosfet_invertiert,50.1392059326172,2026-03-19T20:30:49.561Z
sensor.ventomaxx_pwm_analyser_pwm_fan_sieht_mosfet_invertiert,49.4039764404297,2026-03-19T20:30:52.720Z
sensor.ventomaxx_pwm_analyser_pwm_fan_sieht_mosfet_invertiert,49.7690505981445,2026-03-19T20:30:56.150Z
sensor.ventomaxx_pwm_analyser_pwm_fan_sieht_mosfet_invertiert,49.8458633422852,2026-03-19T20:30:58.634Z
sensor.ventomaxx_pwm_analyser_pwm_fan_sieht_mosfet_invertiert,50.1044654846191,2026-03-19T20:31:01.673Z
sensor.ventomaxx_pwm_analyser_pwm_fan_sieht_mosfet_invertiert,49.9983596801758,2026-03-19T20:31:04.663Z
sensor.ventomaxx_pwm_analyser_pwm_fan_sieht_mosfet_invertiert,49.6136932373047,2026-03-19T20:31:07.676Z
sensor.ventomaxx_pwm_analyser_pwm_fan_sieht_mosfet_invertiert,49.4978637695312,2026-03-19T20:31:10.725Z
sensor.ventomaxx_pwm_analyser_pwm_fan_sieht_mosfet_invertiert,49.6102409362793,2026-03-19T20:31:13.759Z
sensor.ventomaxx_pwm_analyser_pwm_fan_sieht_mosfet_invertiert,49.5951042175293,2026-03-19T20:31:16.751Z
sensor.ventomaxx_pwm_analyser_pwm_fan_sieht_mosfet_invertiert,49.6764297485352,2026-03-19T20:31:19.796Z
sensor.ventomaxx_pwm_analyser_pwm_fan_sieht_mosfet_invertiert,49.6976013183594,2026-03-19T20:31:22.786Z
sensor.ventomaxx_pwm_analyser_pwm_fan_sieht_mosfet_invertiert,49.6322708129883,2026-03-19T20:31:25.836Z
sensor.ventomaxx_pwm_analyser_pwm_fan_sieht_mosfet_invertiert,49.6776657104492,2026-03-19T20:31:28.854Z
sensor.ventomaxx_pwm_analyser_pwm_fan_sieht_mosfet_invertiert,49.4921226501465,2026-03-19T20:31:31.890Z
sensor.ventomaxx_pwm_analyser_pwm_fan_sieht_mosfet_invertiert,49.6224250793457,2026-03-19T20:31:34.911Z
sensor.ventomaxx_pwm_analyser_pwm_fan_sieht_mosfet_invertiert,49.3520736694336,2026-03-19T20:31:37.916Z
sensor.ventomaxx_pwm_analyser_pwm_fan_sieht_mosfet_invertiert,49.5865135192871,2026-03-19T20:31:40.922Z
sensor.ventomaxx_pwm_analyser_pwm_fan_sieht_mosfet_invertiert,49.7673721313477,2026-03-19T20:31:43.967Z
sensor.ventomaxx_pwm_analyser_pwm_fan_sieht_mosfet_invertiert,49.8212890625,2026-03-19T20:31:46.974Z
sensor.ventomaxx_pwm_analyser_pwm_fan_sieht_mosfet_invertiert,49.5714340209961,2026-03-19T20:31:50.011Z
sensor.ventomaxx_pwm_analyser_pwm_fan_sieht_mosfet_invertiert,49.5342025756836,2026-03-19T20:31:52.997Z
sensor.ventomaxx_pwm_analyser_pwm_fan_sieht_mosfet_invertiert,49.6403923034668,2026-03-19T20:31:56.018Z
sensor.ventomaxx_pwm_analyser_pwm_fan_sieht_mosfet_invertiert,49.6735000610352,2026-03-19T20:31:59.038Z
sensor.ventomaxx_pwm_analyser_pwm_fan_sieht_mosfet_invertiert,49.9672813415527,2026-03-19T20:32:02.056Z
sensor.ventomaxx_pwm_analyser_pwm_fan_sieht_mosfet_invertiert,49.8751602172852,2026-03-19T20:32:05.075Z
sensor.ventomaxx_pwm_analyser_pwm_fan_sieht_mosfet_invertiert,49.6651039123535,2026-03-19T20:32:08.095Z
sensor.ventomaxx_pwm_analyser_pwm_fan_sieht_mosfet_invertiert,49.7542724609375,2026-03-19T20:32:11.117Z
sensor.ventomaxx_pwm_analyser_pwm_fan_sieht_mosfet_invertiert,49.6613922119141,2026-03-19T20:32:14.135Z
sensor.ventomaxx_pwm_analyser_pwm_fan_sieht_mosfet_invertiert,49.4335327148438,2026-03-19T20:32:17.147Z
sensor.ventomaxx_pwm_analyser_pwm_fan_sieht_mosfet_invertiert,49.3128356933594,2026-03-19T20:32:20.185Z
sensor.ventomaxx_pwm_analyser_pwm_fan_sieht_mosfet_invertiert,49.4713363647461,2026-03-19T20:32:23.199Z
sensor.ventomaxx_pwm_analyser_pwm_fan_sieht_mosfet_invertiert,49.4720611572266,2026-03-19T20:32:26.221Z
sensor.ventomaxx_pwm_analyser_pwm_fan_sieht_mosfet_invertiert,49.6793594360352,2026-03-19T20:32:29.239Z
sensor.ventomaxx_pwm_analyser_pwm_fan_sieht_mosfet_invertiert,49.9349098205566,2026-03-19T20:32:32.233Z
sensor.ventomaxx_pwm_analyser_pwm_fan_sieht_mosfet_invertiert,49.6225776672363,2026-03-19T20:32:35.268Z
sensor.ventomaxx_pwm_analyser_pwm_fan_sieht_mosfet_invertiert,49.4211273193359,2026-03-19T20:32:38.271Z
sensor.ventomaxx_pwm_analyser_pwm_fan_sieht_mosfet_invertiert,49.774772644043,2026-03-19T20:32:41.315Z
sensor.ventomaxx_pwm_analyser_pwm_fan_sieht_mosfet_invertiert,49.465934753418,2026-03-19T20:32:44.318Z
sensor.ventomaxx_pwm_analyser_pwm_fan_sieht_mosfet_invertiert,49.3495483398438,2026-03-19T20:32:47.344Z
sensor.ventomaxx_pwm_analyser_pwm_fan_sieht_mosfet_invertiert,49.3460922241211,2026-03-19T20:32:50.339Z
sensor.ventomaxx_pwm_analyser_pwm_fan_sieht_mosfet_invertiert,49.4982261657715,2026-03-19T20:32:53.358Z
sensor.ventomaxx_pwm_analyser_pwm_fan_sieht_mosfet_invertiert,49.6199493408203,2026-03-19T20:32:57.109Z
sensor.ventomaxx_pwm_analyser_pwm_fan_sieht_mosfet_invertiert,49.8715209960938,2026-03-19T20:32:59.372Z
sensor.ventomaxx_pwm_analyser_pwm_fan_sieht_mosfet_invertiert,49.8992080688477,2026-03-19T20:33:02.375Z
sensor.ventomaxx_pwm_analyser_pwm_fan_sieht_mosfet_invertiert,49.4659423828125,2026-03-19T20:33:06.207Z
sensor.ventomaxx_pwm_analyser_pwm_fan_sieht_mosfet_invertiert,49.7609710693359,2026-03-19T20:33:08.494Z
sensor.ventomaxx_pwm_analyser_pwm_fan_sieht_mosfet_invertiert,49.5143890380859,2026-03-19T20:33:11.516Z
sensor.ventomaxx_pwm_analyser_pwm_fan_sieht_mosfet_invertiert,49.4950103759766,2026-03-19T20:33:14.539Z
sensor.ventomaxx_pwm_analyser_pwm_fan_sieht_mosfet_invertiert,49.3610610961914,2026-03-19T20:33:17.570Z
sensor.ventomaxx_pwm_analyser_pwm_fan_sieht_mosfet_invertiert,49.935432434082,2026-03-19T20:33:20.592Z
sensor.ventomaxx_pwm_analyser_pwm_fan_sieht_mosfet_invertiert,50.0028305053711,2026-03-19T20:33:23.614Z
sensor.ventomaxx_pwm_analyser_pwm_fan_sieht_mosfet_invertiert,49.8449363708496,2026-03-19T20:33:26.639Z
sensor.ventomaxx_pwm_analyser_pwm_fan_sieht_mosfet_invertiert,49.3113555908203,2026-03-19T20:33:29.680Z
sensor.ventomaxx_pwm_analyser_pwm_fan_sieht_mosfet_invertiert,50.2143402099609,2026-03-19T20:33:32.708Z
sensor.ventomaxx_pwm_analyser_pwm_fan_sieht_mosfet_invertiert,49.5724334716797,2026-03-19T20:33:35.717Z
sensor.ventomaxx_pwm_analyser_pwm_fan_sieht_mosfet_invertiert,49.5855674743652,2026-03-19T20:33:38.756Z
sensor.ventomaxx_pwm_analyser_pwm_fan_sieht_mosfet_invertiert,49.5088424682617,2026-03-19T20:33:41.768Z
sensor.ventomaxx_pwm_analyser_pwm_fan_sieht_mosfet_invertiert,49.4348564147949,2026-03-19T20:33:44.801Z
sensor.ventomaxx_pwm_analyser_pwm_fan_sieht_mosfet_invertiert,49.7073364257812,2026-03-19T20:33:47.832Z
sensor.ventomaxx_pwm_analyser_pwm_fan_sieht_mosfet_invertiert,49.5766220092773,2026-03-19T20:33:50.852Z
sensor.ventomaxx_pwm_analyser_pwm_fan_sieht_mosfet_invertiert,49.8995590209961,2026-03-19T20:33:53.876Z
sensor.ventomaxx_pwm_analyser_pwm_fan_sieht_mosfet_invertiert,49.6610412597656,2026-03-19T20:33:56.884Z
sensor.ventomaxx_pwm_analyser_pwm_fan_sieht_mosfet_invertiert,49.5647277832031,2026-03-19T20:33:59.909Z
sensor.ventomaxx_pwm_analyser_pwm_fan_sieht_mosfet_invertiert,49.575798034668,2026-03-19T20:34:02.927Z
sensor.ventomaxx_pwm_analyser_pwm_fan_sieht_mosfet_invertiert,49.8200759887695,2026-03-19T20:34:05.943Z
sensor.ventomaxx_pwm_analyser_pwm_fan_sieht_mosfet_invertiert,49.976921081543,2026-03-19T20:34:08.964Z
sensor.ventomaxx_pwm_analyser_pwm_fan_sieht_mosfet_invertiert,50.017162322998,2026-03-19T20:34:11.980Z
sensor.ventomaxx_pwm_analyser_pwm_fan_sieht_mosfet_invertiert,50.0657424926758,2026-03-19T20:34:15.009Z
sensor.ventomaxx_pwm_analyser_pwm_fan_sieht_mosfet_invertiert,49.8490447998047,2026-03-19T20:34:18.022Z
sensor.ventomaxx_pwm_analyser_pwm_fan_sieht_mosfet_invertiert,49.9175720214844,2026-03-19T20:34:21.047Z
sensor.ventomaxx_pwm_analyser_pwm_fan_sieht_mosfet_invertiert,49.6712112426758,2026-03-19T20:34:24.057Z
sensor.ventomaxx_pwm_analyser_pwm_fan_sieht_mosfet_invertiert,49.309455871582,2026-03-19T20:34:27.092Z
sensor.ventomaxx_pwm_analyser_pwm_fan_sieht_mosfet_invertiert,49.7190856933594,2026-03-19T20:34:30.103Z
sensor.ventomaxx_pwm_analyser_pwm_fan_sieht_mosfet_invertiert,49.7288513183594,2026-03-19T20:34:33.132Z
sensor.ventomaxx_pwm_analyser_pwm_fan_sieht_mosfet_invertiert,49.292236328125,2026-03-19T20:34:36.141Z
sensor.ventomaxx_pwm_analyser_pwm_fan_sieht_mosfet_invertiert,49.3573455810547,2026-03-19T20:34:39.184Z
sensor.ventomaxx_pwm_analyser_pwm_fan_sieht_mosfet_invertiert,49.2591934204102,2026-03-19T20:34:42.185Z
sensor.ventomaxx_pwm_analyser_pwm_fan_sieht_mosfet_invertiert,49.4942779541016,2026-03-19T20:34:45.219Z
sensor.ventomaxx_pwm_analyser_pwm_fan_sieht_mosfet_invertiert,49.2730407714844,2026-03-19T20:34:48.351Z
sensor.ventomaxx_pwm_analyser_pwm_fan_sieht_mosfet_invertiert,49.1915283203125,2026-03-19T20:34:51.260Z
sensor.ventomaxx_pwm_analyser_pwm_fan_sieht_mosfet_invertiert,49.5215187072754,2026-03-19T20:34:54.267Z
sensor.ventomaxx_pwm_analyser_pwm_fan_sieht_mosfet_invertiert,49.2198829650879,2026-03-19T20:34:57.301Z
sensor.ventomaxx_pwm_analyser_pwm_fan_sieht_mosfet_invertiert,49.8503189086914,2026-03-19T20:35:01.335Z
sensor.ventomaxx_pwm_analyser_pwm_fan_sieht_mosfet_invertiert,49.7795600891113,2026-03-19T20:35:03.342Z
sensor.ventomaxx_pwm_analyser_pwm_fan_sieht_mosfet_invertiert,49.4224319458008,2026-03-19T20:35:07.395Z
sensor.ventomaxx_pwm_analyser_pwm_fan_sieht_mosfet_invertiert,50.3767852783203,2026-03-19T20:35:09.383Z
sensor.ventomaxx_pwm_analyser_pwm_fan_sieht_mosfet_invertiert,49.6039924621582,2026-03-19T20:35:12.389Z
sensor.ventomaxx_pwm_analyser_pwm_fan_sieht_mosfet_invertiert,49.9132919311523,2026-03-19T20:35:15.423Z
sensor.ventomaxx_pwm_analyser_pwm_fan_sieht_mosfet_invertiert,50.1127624511719,2026-03-19T20:35:18.437Z
sensor.ventomaxx_pwm_analyser_pwm_fan_sieht_mosfet_invertiert,50.1352920532227,2026-03-19T20:35:21.450Z
sensor.ventomaxx_pwm_analyser_pwm_fan_sieht_mosfet_invertiert,50.1293411254883,2026-03-19T20:35:24.486Z
sensor.ventomaxx_pwm_analyser_pwm_fan_sieht_mosfet_invertiert,49.4525909423828,2026-03-19T20:35:27.509Z
sensor.ventomaxx_pwm_analyser_pwm_fan_sieht_mosfet_invertiert,49.4739608764648,2026-03-19T20:35:30.514Z
sensor.ventomaxx_pwm_analyser_pwm_fan_sieht_mosfet_invertiert,49.1889266967773,2026-03-19T20:35:33.548Z
sensor.ventomaxx_pwm_analyser_pwm_fan_sieht_mosfet_invertiert,49.2869873046875,2026-03-19T20:35:36.564Z
sensor.ventomaxx_pwm_analyser_pwm_fan_sieht_mosfet_invertiert,49.269172668457,2026-03-19T20:35:39.589Z
sensor.ventomaxx_pwm_analyser_pwm_fan_sieht_mosfet_invertiert,49.3397064208984,2026-03-19T20:35:42.601Z
sensor.ventomaxx_pwm_analyser_pwm_fan_sieht_mosfet_invertiert,49.3187561035156,2026-03-19T20:35:45.636Z
sensor.ventomaxx_pwm_analyser_pwm_fan_sieht_mosfet_invertiert,49.3979377746582,2026-03-19T20:35:48.640Z
sensor.ventomaxx_pwm_analyser_pwm_fan_sieht_mosfet_invertiert,49.492073059082,2026-03-19T20:35:51.683Z
sensor.ventomaxx_pwm_analyser_pwm_fan_sieht_mosfet_invertiert,49.5347633361816,2026-03-19T20:35:54.753Z
sensor.ventomaxx_pwm_analyser_pwm_fan_sieht_mosfet_invertiert,49.554744720459,2026-03-19T20:35:57.686Z
sensor.ventomaxx_pwm_analyser_pwm_fan_sieht_mosfet_invertiert,49.6042404174805,2026-03-19T20:36:00.701Z
sensor.ventomaxx_pwm_analyser_pwm_fan_sieht_mosfet_invertiert,49.8952484130859,2026-03-19T20:36:03.718Z
sensor.ventomaxx_pwm_analyser_pwm_fan_sieht_mosfet_invertiert,49.956169128418,2026-03-19T20:36:06.745Z
sensor.ventomaxx_pwm_analyser_pwm_fan_sieht_mosfet_invertiert,49.9167022705078,2026-03-19T20:36:09.764Z
sensor.ventomaxx_pwm_analyser_pwm_fan_sieht_mosfet_invertiert,49.8465118408203,2026-03-19T20:36:12.786Z
sensor.ventomaxx_pwm_analyser_pwm_fan_sieht_mosfet_invertiert,49.7921752929688,2026-03-19T20:36:15.791Z
sensor.ventomaxx_pwm_analyser_pwm_fan_sieht_mosfet_invertiert,49.7439727783203,2026-03-19T20:36:18.809Z
sensor.ventomaxx_pwm_analyser_pwm_fan_sieht_mosfet_invertiert,49.606201171875,2026-03-19T20:36:21.842Z
sensor.ventomaxx_pwm_analyser_pwm_fan_sieht_mosfet_invertiert,49.8680114746094,2026-03-19T20:36:24.867Z
sensor.ventomaxx_pwm_analyser_pwm_fan_sieht_mosfet_invertiert,49.804817199707,2026-03-19T20:36:27.886Z
sensor.ventomaxx_pwm_analyser_pwm_fan_sieht_mosfet_invertiert,49.8585205078125,2026-03-19T20:36:30.905Z
sensor.ventomaxx_pwm_analyser_pwm_fan_sieht_mosfet_invertiert,49.9101982116699,2026-03-19T20:36:33.909Z
sensor.ventomaxx_pwm_analyser_pwm_fan_sieht_mosfet_invertiert,49.8891220092773,2026-03-19T20:36:36.939Z
sensor.ventomaxx_pwm_analyser_pwm_fan_sieht_mosfet_invertiert,49.9552574157715,2026-03-19T20:36:39.952Z
sensor.ventomaxx_pwm_analyser_pwm_fan_sieht_mosfet_invertiert,49.7412261962891,2026-03-19T20:36:42.986Z
sensor.ventomaxx_pwm_analyser_pwm_fan_sieht_mosfet_invertiert,49.4529266357422,2026-03-19T20:36:45.999Z
sensor.ventomaxx_pwm_analyser_pwm_fan_sieht_mosfet_invertiert,49.4727668762207,2026-03-19T20:36:49.020Z
sensor.ventomaxx_pwm_analyser_pwm_fan_sieht_mosfet_invertiert,49.5347900390625,2026-03-19T20:36:52.043Z
sensor.ventomaxx_pwm_analyser_pwm_fan_sieht_mosfet_invertiert,49.7866973876953,2026-03-19T20:36:55.075Z
sensor.ventomaxx_pwm_analyser_pwm_fan_sieht_mosfet_invertiert,49.7869033813477,2026-03-19T20:36:58.083Z
sensor.ventomaxx_pwm_analyser_pwm_fan_sieht_mosfet_invertiert,49.8216171264648,2026-03-19T20:37:01.112Z
sensor.ventomaxx_pwm_analyser_pwm_fan_sieht_mosfet_invertiert,49.8958129882812,2026-03-19T20:37:04.133Z
sensor.ventomaxx_pwm_analyser_pwm_fan_sieht_mosfet_invertiert,49.8247833251953,2026-03-19T20:37:07.159Z
sensor.ventomaxx_pwm_analyser_pwm_fan_sieht_mosfet_invertiert,49.4892883300781,2026-03-19T20:37:10.237Z
sensor.ventomaxx_pwm_analyser_pwm_fan_sieht_mosfet_invertiert,49.4667930603027,2026-03-19T20:37:13.196Z
sensor.ventomaxx_pwm_analyser_pwm_fan_sieht_mosfet_invertiert,49.7153930664062,2026-03-19T20:37:16.217Z
sensor.ventomaxx_pwm_analyser_pwm_fan_sieht_mosfet_invertiert,49.6015930175781,2026-03-19T20:37:19.536Z
sensor.ventomaxx_pwm_analyser_pwm_fan_sieht_mosfet_invertiert,49.3526992797852,2026-03-19T20:37:22.257Z
sensor.ventomaxx_pwm_analyser_pwm_fan_sieht_mosfet_invertiert,49.3876495361328,2026-03-19T20:37:25.277Z
sensor.ventomaxx_pwm_analyser_pwm_fan_sieht_mosfet_invertiert,49.3357048034668,2026-03-19T20:37:28.292Z
sensor.ventomaxx_pwm_analyser_pwm_fan_sieht_mosfet_invertiert,49.5030212402344,2026-03-19T20:37:31.310Z
sensor.ventomaxx_pwm_analyser_pwm_fan_sieht_mosfet_invertiert,49.3255081176758,2026-03-19T20:37:34.326Z
sensor.ventomaxx_pwm_analyser_pwm_fan_sieht_mosfet_invertiert,49.3588638305664,2026-03-19T20:37:37.354Z
sensor.ventomaxx_pwm_analyser_pwm_fan_sieht_mosfet_invertiert,49.4160270690918,2026-03-19T20:37:40.373Z
sensor.ventomaxx_pwm_analyser_pwm_fan_sieht_mosfet_invertiert,49.4233894348145,2026-03-19T20:37:43.393Z
sensor.ventomaxx_pwm_analyser_pwm_fan_sieht_mosfet_invertiert,49.4060668945312,2026-03-19T20:37:46.413Z
sensor.ventomaxx_pwm_analyser_pwm_fan_sieht_mosfet_invertiert,49.3810806274414,2026-03-19T20:37:49.434Z
sensor.ventomaxx_pwm_analyser_pwm_fan_sieht_mosfet_invertiert,49.4596252441406,2026-03-19T20:37:52.444Z
sensor.ventomaxx_pwm_analyser_pwm_fan_sieht_mosfet_invertiert,49.37548828125,2026-03-19T20:37:55.478Z
sensor.ventomaxx_pwm_analyser_pwm_fan_sieht_mosfet_invertiert,49.3908157348633,2026-03-19T20:37:58.490Z
sensor.ventomaxx_pwm_analyser_pwm_fan_sieht_mosfet_invertiert,49.373161315918,2026-03-19T20:38:01.517Z
sensor.ventomaxx_pwm_analyser_pwm_fan_sieht_mosfet_invertiert,49.3503494262695,2026-03-19T20:38:04.529Z
sensor.ventomaxx_pwm_analyser_pwm_fan_sieht_mosfet_invertiert,49.3768692016602,2026-03-19T20:38:07.565Z
sensor.ventomaxx_pwm_analyser_pwm_fan_sieht_mosfet_invertiert,49.3006820678711,2026-03-19T20:38:10.571Z
sensor.ventomaxx_pwm_analyser_pwm_fan_sieht_mosfet_invertiert,49.3104553222656,2026-03-19T20:38:13.601Z
sensor.ventomaxx_pwm_analyser_pwm_fan_sieht_mosfet_invertiert,49.6488418579102,2026-03-19T20:38:16.617Z
sensor.ventomaxx_pwm_analyser_pwm_fan_sieht_mosfet_invertiert,49.8801689147949,2026-03-19T20:38:19.642Z
sensor.ventomaxx_pwm_analyser_pwm_fan_sieht_mosfet_invertiert,49.8422164916992,2026-03-19T20:38:22.653Z
sensor.ventomaxx_pwm_analyser_pwm_fan_sieht_mosfet_invertiert,49.8565444946289,2026-03-19T20:38:25.689Z
sensor.ventomaxx_pwm_analyser_pwm_fan_sieht_mosfet_invertiert,49.9344024658203,2026-03-19T20:38:28.693Z
sensor.ventomaxx_pwm_analyser_pwm_fan_sieht_mosfet_invertiert,49.9325180053711,2026-03-19T20:38:31.732Z
sensor.ventomaxx_pwm_analyser_pwm_fan_sieht_mosfet_invertiert,49.9360198974609,2026-03-19T20:38:34.735Z
sensor.ventomaxx_pwm_analyser_pwm_fan_sieht_mosfet_invertiert,49.8090591430664,2026-03-19T20:38:37.767Z
sensor.ventomaxx_pwm_analyser_pwm_fan_sieht_mosfet_invertiert,49.6163902282715,2026-03-19T20:38:40.774Z
sensor.ventomaxx_pwm_analyser_pwm_fan_sieht_mosfet_invertiert,49.6441955566406,2026-03-19T20:38:43.811Z
sensor.ventomaxx_pwm_analyser_pwm_fan_sieht_mosfet_invertiert,49.520378112793,2026-03-19T20:38:46.819Z
sensor.ventomaxx_pwm_analyser_pwm_fan_sieht_mosfet_invertiert,49.8365173339844,2026-03-19T20:38:49.825Z
sensor.ventomaxx_pwm_analyser_pwm_fan_sieht_mosfet_invertiert,49.5727996826172,2026-03-19T20:38:52.855Z
sensor.ventomaxx_pwm_analyser_pwm_fan_sieht_mosfet_invertiert,49.6968650817871,2026-03-19T20:38:55.896Z
sensor.ventomaxx_pwm_analyser_pwm_fan_sieht_mosfet_invertiert,49.8139801025391,2026-03-19T20:38:58.897Z
sensor.ventomaxx_pwm_analyser_pwm_fan_sieht_mosfet_invertiert,49.6953506469727,2026-03-19T20:39:01.908Z
sensor.ventomaxx_pwm_analyser_pwm_fan_sieht_mosfet_invertiert,49.504768371582,2026-03-19T20:39:04.946Z
sensor.ventomaxx_pwm_analyser_pwm_fan_sieht_mosfet_invertiert,49.3261642456055,2026-03-19T20:39:07.978Z
sensor.ventomaxx_pwm_analyser_pwm_fan_sieht_mosfet_invertiert,49.6275024414062,2026-03-19T20:39:10.977Z
sensor.ventomaxx_pwm_analyser_pwm_fan_sieht_mosfet_invertiert,49.792594909668,2026-03-19T20:39:14.022Z
sensor.ventomaxx_pwm_analyser_pwm_fan_sieht_mosfet_invertiert,50.0154342651367,2026-03-19T20:39:18.067Z
sensor.ventomaxx_pwm_analyser_pwm_fan_sieht_mosfet_invertiert,49.654052734375,2026-03-19T20:39:20.059Z
sensor.ventomaxx_pwm_analyser_pwm_fan_sieht_mosfet_invertiert,50.0459518432617,2026-03-19T20:39:23.067Z
sensor.ventomaxx_pwm_analyser_pwm_fan_sieht_mosfet_invertiert,49.8476104736328,2026-03-19T20:39:26.103Z
sensor.ventomaxx_pwm_analyser_pwm_fan_sieht_mosfet_invertiert,50.0162467956543,2026-03-19T20:39:29.108Z
sensor.ventomaxx_pwm_analyser_pwm_fan_sieht_mosfet_invertiert,49.8066520690918,2026-03-19T20:39:32.145Z
sensor.ventomaxx_pwm_analyser_pwm_fan_sieht_mosfet_invertiert,49.6168060302734,2026-03-19T20:39:35.144Z
sensor.ventomaxx_pwm_analyser_pwm_fan_sieht_mosfet_invertiert,49.3782386779785,2026-03-19T20:39:38.186Z
sensor.ventomaxx_pwm_analyser_pwm_fan_sieht_mosfet_invertiert,49.7005386352539,2026-03-19T20:39:41.194Z
sensor.ventomaxx_pwm_analyser_pwm_fan_sieht_mosfet_invertiert,49.6608810424805,2026-03-19T20:39:44.228Z
sensor.ventomaxx_pwm_analyser_pwm_fan_sieht_mosfet_invertiert,49.4065742492676,2026-03-19T20:39:47.247Z
sensor.ventomaxx_pwm_analyser_pwm_fan_sieht_mosfet_invertiert,49.481616973877,2026-03-19T20:39:50.272Z
sensor.ventomaxx_pwm_analyser_pwm_fan_sieht_mosfet_invertiert,49.4305305480957,2026-03-19T20:39:53.270Z
sensor.ventomaxx_pwm_analyser_pwm_fan_sieht_mosfet_invertiert,49.5648651123047,2026-03-19T20:39:56.309Z
sensor.ventomaxx_pwm_analyser_pwm_fan_sieht_mosfet_invertiert,49.4289321899414,2026-03-19T20:39:59.695Z
sensor.ventomaxx_pwm_analyser_pwm_fan_sieht_mosfet_invertiert,49.5840797424316,2026-03-19T20:40:02.353Z
sensor.ventomaxx_pwm_analyser_pwm_fan_sieht_mosfet_invertiert,49.8037719726562,2026-03-19T20:40:05.363Z
sensor.ventomaxx_pwm_analyser_pwm_fan_sieht_mosfet_invertiert,49.8271141052246,2026-03-19T20:40:08.397Z
sensor.ventomaxx_pwm_analyser_pwm_fan_sieht_mosfet_invertiert,49.848804473877,2026-03-19T20:40:11.394Z
sensor.ventomaxx_pwm_analyser_pwm_fan_sieht_mosfet_invertiert,49.7601318359375,2026-03-19T20:40:14.405Z
sensor.ventomaxx_pwm_analyser_pwm_fan_sieht_mosfet_invertiert,49.7590866088867,2026-03-19T20:40:17.424Z
sensor.ventomaxx_pwm_analyser_pwm_fan_sieht_mosfet_invertiert,49.7826957702637,2026-03-19T20:40:20.444Z
sensor.ventomaxx_pwm_analyser_pwm_fan_sieht_mosfet_invertiert,49.7566146850586,2026-03-19T20:40:23.461Z
sensor.ventomaxx_pwm_analyser_pwm_fan_sieht_mosfet_invertiert,49.7427978515625,2026-03-19T20:40:26.482Z
sensor.ventomaxx_pwm_analyser_pwm_fan_sieht_mosfet_invertiert,49.9714584350586,2026-03-19T20:40:29.504Z
sensor.ventomaxx_pwm_analyser_pwm_fan_sieht_mosfet_invertiert,50.0108184814453,2026-03-19T20:40:32.526Z
sensor.ventomaxx_pwm_analyser_pwm_fan_sieht_mosfet_invertiert,49.7444000244141,2026-03-19T20:40:35.544Z
sensor.ventomaxx_pwm_analyser_pwm_fan_sieht_mosfet_invertiert,49.7556838989258,2026-03-19T20:40:38.558Z
sensor.ventomaxx_pwm_analyser_pwm_fan_sieht_mosfet_invertiert,49.5281448364258,2026-03-19T20:40:41.578Z
sensor.ventomaxx_pwm_analyser_pwm_fan_sieht_mosfet_invertiert,49.5811309814453,2026-03-19T20:40:44.593Z
sensor.ventomaxx_pwm_analyser_pwm_fan_sieht_mosfet_invertiert,49.622428894043,2026-03-19T20:40:47.621Z
sensor.ventomaxx_pwm_analyser_pwm_fan_sieht_mosfet_invertiert,49.3444137573242,2026-03-19T20:40:50.642Z
sensor.ventomaxx_pwm_analyser_pwm_fan_sieht_mosfet_invertiert,49.5883331298828,2026-03-19T20:40:53.662Z
sensor.ventomaxx_pwm_analyser_pwm_fan_sieht_mosfet_invertiert,49.6594543457031,2026-03-19T20:40:56.682Z
sensor.ventomaxx_pwm_analyser_pwm_fan_sieht_mosfet_invertiert,49.5559692382812,2026-03-19T20:40:59.708Z
sensor.ventomaxx_pwm_analyser_pwm_fan_sieht_mosfet_invertiert,49.7482223510742,2026-03-19T20:41:02.721Z
sensor.ventomaxx_pwm_analyser_pwm_fan_sieht_mosfet_invertiert,50.1193923950195,2026-03-19T20:41:05.741Z
sensor.ventomaxx_pwm_analyser_pwm_fan_sieht_mosfet_invertiert,50.140308380127,2026-03-19T20:41:08.755Z
sensor.ventomaxx_pwm_analyser_pwm_fan_sieht_mosfet_invertiert,50.2794303894043,2026-03-19T20:41:11.783Z
sensor.ventomaxx_pwm_analyser_pwm_fan_sieht_mosfet_invertiert,49.686897277832,2026-03-19T20:41:14.848Z
sensor.ventomaxx_pwm_analyser_pwm_fan_sieht_mosfet_invertiert,49.6424255371094,2026-03-19T20:41:17.822Z
sensor.ventomaxx_pwm_analyser_pwm_fan_sieht_mosfet_invertiert,49.6385650634766,2026-03-19T20:41:21.394Z
sensor.ventomaxx_pwm_analyser_pwm_fan_sieht_mosfet_invertiert,49.8329048156738,2026-03-19T20:41:23.863Z
sensor.ventomaxx_pwm_analyser_pwm_fan_sieht_mosfet_invertiert,49.8834762573242,2026-03-19T20:41:27.355Z
sensor.ventomaxx_pwm_analyser_pwm_fan_sieht_mosfet_invertiert,50.221305847168,2026-03-19T20:41:29.905Z
sensor.ventomaxx_pwm_analyser_pwm_fan_sieht_mosfet_invertiert,50.2303428649902,2026-03-19T20:41:32.927Z
sensor.ventomaxx_pwm_analyser_pwm_fan_sieht_mosfet_invertiert,50.2000961303711,2026-03-19T20:41:35.952Z
sensor.ventomaxx_pwm_analyser_pwm_fan_sieht_mosfet_invertiert,50.1770172119141,2026-03-19T20:41:38.957Z
sensor.ventomaxx_pwm_analyser_pwm_fan_sieht_mosfet_invertiert,50.2527694702148,2026-03-19T20:41:41.991Z
sensor.ventomaxx_pwm_analyser_pwm_fan_sieht_mosfet_invertiert,49.7922096252441,2026-03-19T20:41:45.009Z
sensor.ventomaxx_pwm_analyser_pwm_fan_sieht_mosfet_invertiert,49.7036972045898,2026-03-19T20:41:48.037Z
sensor.ventomaxx_pwm_analyser_pwm_fan_sieht_mosfet_invertiert,49.7066802978516,2026-03-19T20:41:51.044Z
sensor.ventomaxx_pwm_analyser_pwm_fan_sieht_mosfet_invertiert,49.6981582641602,2026-03-19T20:41:54.072Z
sensor.ventomaxx_pwm_analyser_pwm_fan_sieht_mosfet_invertiert,49.4747009277344,2026-03-19T20:41:57.084Z
sensor.ventomaxx_pwm_analyser_pwm_fan_sieht_mosfet_invertiert,49.5709991455078,2026-03-19T20:42:00.092Z
sensor.ventomaxx_pwm_analyser_pwm_fan_sieht_mosfet_invertiert,49.4101715087891,2026-03-19T20:42:03.123Z
sensor.ventomaxx_pwm_analyser_pwm_fan_sieht_mosfet_invertiert,49.4882354736328,2026-03-19T20:42:06.163Z
sensor.ventomaxx_pwm_analyser_pwm_fan_sieht_mosfet_invertiert,49.3826751708984,2026-03-19T20:42:09.156Z
sensor.ventomaxx_pwm_analyser_pwm_fan_sieht_mosfet_invertiert,49.2870864868164,2026-03-19T20:42:12.197Z
sensor.ventomaxx_pwm_analyser_pwm_fan_sieht_mosfet_invertiert,49.5941543579102,2026-03-19T20:42:15.198Z
sensor.ventomaxx_pwm_analyser_pwm_fan_sieht_mosfet_invertiert,49.6703262329102,2026-03-19T20:42:18.246Z
sensor.ventomaxx_pwm_analyser_pwm_fan_sieht_mosfet_invertiert,49.6904907226562,2026-03-19T20:42:21.247Z
sensor.ventomaxx_pwm_analyser_pwm_fan_sieht_mosfet_invertiert,49.7320251464844,2026-03-19T20:42:24.262Z
sensor.ventomaxx_pwm_analyser_pwm_fan_sieht_mosfet_invertiert,49.5977783203125,2026-03-19T20:42:27.262Z
sensor.ventomaxx_pwm_analyser_pwm_fan_sieht_mosfet_invertiert,49.3265342712402,2026-03-19T20:42:30.291Z
sensor.ventomaxx_pwm_analyser_pwm_fan_sieht_mosfet_invertiert,48.0592880249023,2026-03-19T20:42:33.308Z
sensor.ventomaxx_pwm_analyser_pwm_fan_sieht_mosfet_invertiert,47.8651962280273,2026-03-19T20:42:36.326Z
sensor.ventomaxx_pwm_analyser_pwm_fan_sieht_mosfet_invertiert,47.9947052001953,2026-03-19T20:42:39.346Z
sensor.ventomaxx_pwm_analyser_pwm_fan_sieht_mosfet_invertiert,48.0302543640137,2026-03-19T20:42:42.364Z
sensor.ventomaxx_pwm_analyser_pwm_fan_sieht_mosfet_invertiert,47.9741897583008,2026-03-19T20:42:45.387Z
sensor.ventomaxx_pwm_analyser_pwm_fan_sieht_mosfet_invertiert,48.0361404418945,2026-03-19T20:42:48.403Z
sensor.ventomaxx_pwm_analyser_pwm_fan_sieht_mosfet_invertiert,48.2487335205078,2026-03-19T20:42:51.434Z
sensor.ventomaxx_pwm_analyser_pwm_fan_sieht_mosfet_invertiert,48.4264450073242,2026-03-19T20:42:54.442Z
sensor.ventomaxx_pwm_analyser_pwm_fan_sieht_mosfet_invertiert,48.4579544067383,2026-03-19T20:42:57.460Z
sensor.ventomaxx_pwm_analyser_pwm_fan_sieht_mosfet_invertiert,48.4948844909668,2026-03-19T20:43:00.478Z
sensor.ventomaxx_pwm_analyser_pwm_fan_sieht_mosfet_invertiert,48.5909996032715,2026-03-19T20:43:03.500Z
sensor.ventomaxx_pwm_analyser_pwm_fan_sieht_mosfet_invertiert,48.2862854003906,2026-03-19T20:43:06.522Z
sensor.ventomaxx_pwm_analyser_pwm_fan_sieht_mosfet_invertiert,48.2301788330078,2026-03-19T20:43:09.544Z
sensor.ventomaxx_pwm_analyser_pwm_fan_sieht_mosfet_invertiert,48.0893936157227,2026-03-19T20:43:12.555Z
sensor.ventomaxx_pwm_analyser_pwm_fan_sieht_mosfet_invertiert,48.0541648864746,2026-03-19T20:43:15.575Z
sensor.ventomaxx_pwm_analyser_pwm_fan_sieht_mosfet_invertiert,48.1777648925781,2026-03-19T20:43:18.589Z
sensor.ventomaxx_pwm_analyser_pwm_fan_sieht_mosfet_invertiert,48.0889892578125,2026-03-19T20:43:21.604Z
sensor.ventomaxx_pwm_analyser_pwm_fan_sieht_mosfet_invertiert,48.0390548706055,2026-03-19T20:43:24.621Z
sensor.ventomaxx_pwm_analyser_pwm_fan_sieht_mosfet_invertiert,48.1860198974609,2026-03-19T20:43:27.641Z
sensor.ventomaxx_pwm_analyser_pwm_fan_sieht_mosfet_invertiert,48.1909103393555,2026-03-19T20:43:30.657Z
sensor.ventomaxx_pwm_analyser_pwm_fan_sieht_mosfet_invertiert,47.8482208251953,2026-03-19T20:43:33.681Z
sensor.ventomaxx_pwm_analyser_pwm_fan_sieht_mosfet_invertiert,48.0380859375,2026-03-19T20:43:36.697Z
sensor.ventomaxx_pwm_analyser_pwm_fan_sieht_mosfet_invertiert,48.129020690918,2026-03-19T20:43:39.711Z
sensor.ventomaxx_pwm_analyser_pwm_fan_sieht_mosfet_invertiert,47.734504699707,2026-03-19T20:43:42.727Z
sensor.ventomaxx_pwm_analyser_pwm_fan_sieht_mosfet_invertiert,47.8608627319336,2026-03-19T20:43:45.750Z
sensor.ventomaxx_pwm_analyser_pwm_fan_sieht_mosfet_invertiert,48.4234657287598,2026-03-19T20:43:48.770Z
sensor.ventomaxx_pwm_analyser_pwm_fan_sieht_mosfet_invertiert,48.4983825683594,2026-03-19T20:43:51.794Z
sensor.ventomaxx_pwm_analyser_pwm_fan_sieht_mosfet_invertiert,48.7115135192871,2026-03-19T20:43:54.812Z
sensor.ventomaxx_pwm_analyser_pwm_fan_sieht_mosfet_invertiert,48.7380676269531,2026-03-19T20:43:57.834Z
sensor.ventomaxx_pwm_analyser_pwm_fan_sieht_mosfet_invertiert,48.4135665893555,2026-03-19T20:44:00.854Z
sensor.ventomaxx_pwm_analyser_pwm_fan_sieht_mosfet_invertiert,48.3312454223633,2026-03-19T20:44:03.874Z
sensor.ventomaxx_pwm_analyser_pwm_fan_sieht_mosfet_invertiert,48.0124893188477,2026-03-19T20:44:06.891Z
sensor.ventomaxx_pwm_analyser_pwm_fan_sieht_mosfet_invertiert,48.1548233032227,2026-03-19T20:44:09.912Z
sensor.ventomaxx_pwm_analyser_pwm_fan_sieht_mosfet_invertiert,48.0803375244141,2026-03-19T20:44:12.933Z
sensor.ventomaxx_pwm_analyser_pwm_fan_sieht_mosfet_invertiert,47.8911056518555,2026-03-19T20:44:15.955Z
sensor.ventomaxx_pwm_analyser_pwm_fan_sieht_mosfet_invertiert,48.1742820739746,2026-03-19T20:44:18.972Z
sensor.ventomaxx_pwm_analyser_pwm_fan_sieht_mosfet_invertiert,48.3974609375,2026-03-19T20:44:21.991Z
sensor.ventomaxx_pwm_analyser_pwm_fan_sieht_mosfet_invertiert,47.8721694946289,2026-03-19T20:44:25.011Z
sensor.ventomaxx_pwm_analyser_pwm_fan_sieht_mosfet_invertiert,47.8370742797852,2026-03-19T20:44:28.031Z
sensor.ventomaxx_pwm_analyser_pwm_fan_sieht_mosfet_invertiert,47.8737716674805,2026-03-19T20:44:31.048Z
sensor.ventomaxx_pwm_analyser_pwm_fan_sieht_mosfet_invertiert,47.861213684082,2026-03-19T20:44:34.070Z
sensor.ventomaxx_pwm_analyser_pwm_fan_sieht_mosfet_invertiert,47.8814697265625,2026-03-19T20:44:37.091Z
sensor.ventomaxx_pwm_analyser_pwm_fan_sieht_mosfet_invertiert,48.5218353271484,2026-03-19T20:44:40.111Z
sensor.ventomaxx_pwm_analyser_pwm_fan_sieht_mosfet_invertiert,48.7056999206543,2026-03-19T20:44:43.139Z
sensor.ventomaxx_pwm_analyser_pwm_fan_sieht_mosfet_invertiert,48.8274536132812,2026-03-19T20:44:46.156Z
sensor.ventomaxx_pwm_analyser_pwm_fan_sieht_mosfet_invertiert,48.3754653930664,2026-03-19T20:44:49.181Z
sensor.ventomaxx_pwm_analyser_pwm_fan_sieht_mosfet_invertiert,47.9065170288086,2026-03-19T20:44:52.195Z
sensor.ventomaxx_pwm_analyser_pwm_fan_sieht_mosfet_invertiert,47.8939590454102,2026-03-19T20:44:55.222Z
sensor.ventomaxx_pwm_analyser_pwm_fan_sieht_mosfet_invertiert,48.0148239135742,2026-03-19T20:44:58.241Z
sensor.ventomaxx_pwm_analyser_pwm_fan_sieht_mosfet_invertiert,48.1935958862305,2026-03-19T20:45:01.264Z
sensor.ventomaxx_pwm_analyser_pwm_fan_sieht_mosfet_invertiert,48.2038955688477,2026-03-19T20:45:04.281Z
sensor.ventomaxx_pwm_analyser_pwm_fan_sieht_mosfet_invertiert,48.1120071411133,2026-03-19T20:45:07.315Z
sensor.ventomaxx_pwm_analyser_pwm_fan_sieht_mosfet_invertiert,48.3552436828613,2026-03-19T20:45:10.318Z
sensor.ventomaxx_pwm_analyser_pwm_fan_sieht_mosfet_invertiert,48.0845413208008,2026-03-19T20:45:13.341Z
sensor.ventomaxx_pwm_analyser_pwm_fan_sieht_mosfet_invertiert,48.1182403564453,2026-03-19T20:45:16.358Z
sensor.ventomaxx_pwm_analyser_pwm_fan_sieht_mosfet_invertiert,48.1762657165527,2026-03-19T20:45:19.386Z
sensor.ventomaxx_pwm_analyser_pwm_fan_sieht_mosfet_invertiert,47.8798980712891,2026-03-19T20:45:22.393Z
sensor.ventomaxx_pwm_analyser_pwm_fan_sieht_mosfet_invertiert,48.0359001159668,2026-03-19T20:45:25.433Z
sensor.ventomaxx_pwm_analyser_pwm_fan_sieht_mosfet_invertiert,48.4757385253906,2026-03-19T20:45:28.445Z
sensor.ventomaxx_pwm_analyser_pwm_fan_sieht_mosfet_invertiert,48.7114105224609,2026-03-19T20:45:32.340Z
sensor.ventomaxx_pwm_analyser_pwm_fan_sieht_mosfet_invertiert,48.6895141601562,2026-03-19T20:45:34.467Z
sensor.ventomaxx_pwm_analyser_pwm_fan_sieht_mosfet_invertiert,48.0744476318359,2026-03-19T20:45:37.484Z
sensor.ventomaxx_pwm_analyser_pwm_fan_sieht_mosfet_invertiert,48.0184020996094,2026-03-19T20:45:40.499Z
sensor.ventomaxx_pwm_analyser_pwm_fan_sieht_mosfet_invertiert,47.9066581726074,2026-03-19T20:45:43.530Z
sensor.ventomaxx_pwm_analyser_pwm_fan_sieht_mosfet_invertiert,48.171745300293,2026-03-19T20:45:46.543Z
sensor.ventomaxx_pwm_analyser_pwm_fan_sieht_mosfet_invertiert,48.4576721191406,2026-03-19T20:45:49.553Z
sensor.ventomaxx_pwm_analyser_pwm_fan_sieht_mosfet_invertiert,48.7131767272949,2026-03-19T20:45:52.575Z
sensor.ventomaxx_pwm_analyser_pwm_fan_sieht_mosfet_invertiert,48.6926116943359,2026-03-19T20:45:55.615Z
sensor.ventomaxx_pwm_analyser_pwm_fan_sieht_mosfet_invertiert,48.171142578125,2026-03-19T20:45:58.614Z
sensor.ventomaxx_pwm_analyser_pwm_fan_sieht_mosfet_invertiert,48.1533584594727,2026-03-19T20:46:01.627Z
sensor.ventomaxx_pwm_analyser_pwm_fan_sieht_mosfet_invertiert,47.9547424316406,2026-03-19T20:46:04.652Z
sensor.ventomaxx_pwm_analyser_pwm_fan_sieht_mosfet_invertiert,48.4999160766602,2026-03-19T20:46:07.671Z
sensor.ventomaxx_pwm_analyser_pwm_fan_sieht_mosfet_invertiert,48.4151611328125,2026-03-19T20:46:10.690Z
sensor.ventomaxx_pwm_analyser_pwm_fan_sieht_mosfet_invertiert,48.183292388916,2026-03-19T20:46:13.703Z
sensor.ventomaxx_pwm_analyser_pwm_fan_sieht_mosfet_invertiert,48.1850280761719,2026-03-19T20:46:16.727Z
sensor.ventomaxx_pwm_analyser_pwm_fan_sieht_mosfet_invertiert,48.3384857177734,2026-03-19T20:46:19.737Z
sensor.ventomaxx_pwm_analyser_pwm_fan_sieht_mosfet_invertiert,48.3846206665039,2026-03-19T20:46:22.751Z
sensor.ventomaxx_pwm_analyser_pwm_fan_sieht_mosfet_invertiert,48.3931884765625,2026-03-19T20:46:25.766Z
sensor.ventomaxx_pwm_analyser_pwm_fan_sieht_mosfet_invertiert,47.9217491149902,2026-03-19T20:46:28.793Z
sensor.ventomaxx_pwm_analyser_pwm_fan_sieht_mosfet_invertiert,48.1250305175781,2026-03-19T20:46:31.807Z
sensor.ventomaxx_pwm_analyser_pwm_fan_sieht_mosfet_invertiert,48.3845634460449,2026-03-19T20:46:34.817Z
sensor.ventomaxx_pwm_analyser_pwm_fan_sieht_mosfet_invertiert,48.484016418457,2026-03-19T20:46:37.845Z
sensor.ventomaxx_pwm_analyser_pwm_fan_sieht_mosfet_invertiert,48.3657531738281,2026-03-19T20:46:40.859Z
sensor.ventomaxx_pwm_analyser_pwm_fan_sieht_mosfet_invertiert,48.2224731445312,2026-03-19T20:46:43.879Z
sensor.ventomaxx_pwm_analyser_pwm_fan_sieht_mosfet_invertiert,47.9202156066895,2026-03-19T20:46:46.895Z
sensor.ventomaxx_pwm_analyser_pwm_fan_sieht_mosfet_invertiert,48.0225601196289,2026-03-19T20:46:49.916Z
sensor.ventomaxx_pwm_analyser_pwm_fan_sieht_mosfet_invertiert,48.4056015014648,2026-03-19T20:46:52.931Z
sensor.ventomaxx_pwm_analyser_pwm_fan_sieht_mosfet_invertiert,48.6479225158691,2026-03-19T20:46:55.952Z
sensor.ventomaxx_pwm_analyser_pwm_fan_sieht_mosfet_invertiert,48.5910339355469,2026-03-19T20:46:58.970Z
sensor.ventomaxx_pwm_analyser_pwm_fan_sieht_mosfet_invertiert,48.1079711914062,2026-03-19T20:47:01.994Z
sensor.ventomaxx_pwm_analyser_pwm_fan_sieht_mosfet_invertiert,47.8966751098633,2026-03-19T20:47:05.011Z
sensor.ventomaxx_pwm_analyser_pwm_fan_sieht_mosfet_invertiert,47.9152870178223,2026-03-19T20:47:08.035Z
sensor.ventomaxx_pwm_analyser_pwm_fan_sieht_mosfet_invertiert,47.9162750244141,2026-03-19T20:47:11.051Z
sensor.ventomaxx_pwm_analyser_pwm_fan_sieht_mosfet_invertiert,47.7941513061523,2026-03-19T20:47:14.072Z
sensor.ventomaxx_pwm_analyser_pwm_fan_sieht_mosfet_invertiert,47.8942756652832,2026-03-19T20:47:17.091Z
sensor.ventomaxx_pwm_analyser_pwm_fan_sieht_mosfet_invertiert,47.924919128418,2026-03-19T20:47:20.118Z
sensor.ventomaxx_pwm_analyser_pwm_fan_sieht_mosfet_invertiert,48.0462760925293,2026-03-19T20:47:23.141Z
sensor.ventomaxx_pwm_analyser_pwm_fan_sieht_mosfet_invertiert,48.5495681762695,2026-03-19T20:47:26.160Z
sensor.ventomaxx_pwm_analyser_pwm_fan_sieht_mosfet_invertiert,48.5205001831055,2026-03-19T20:47:29.176Z
sensor.ventomaxx_pwm_analyser_pwm_fan_sieht_mosfet_invertiert,48.4873352050781,2026-03-19T20:47:33.057Z
sensor.ventomaxx_pwm_analyser_pwm_fan_sieht_mosfet_invertiert,47.8758544921875,2026-03-19T20:47:35.235Z
sensor.ventomaxx_pwm_analyser_pwm_fan_sieht_mosfet_invertiert,48.0356369018555,2026-03-19T20:47:38.257Z
sensor.ventomaxx_pwm_analyser_pwm_fan_sieht_mosfet_invertiert,47.9827651977539,2026-03-19T20:47:41.794Z
sensor.ventomaxx_pwm_analyser_pwm_fan_sieht_mosfet_invertiert,48.4552421569824,2026-03-19T20:47:44.305Z
sensor.ventomaxx_pwm_analyser_pwm_fan_sieht_mosfet_invertiert,47.9475631713867,2026-03-19T20:47:47.358Z
sensor.ventomaxx_pwm_analyser_pwm_fan_sieht_mosfet_invertiert,48.4730186462402,2026-03-19T20:47:50.369Z
sensor.ventomaxx_pwm_analyser_pwm_fan_sieht_mosfet_invertiert,48.3834953308105,2026-03-19T20:47:53.378Z
sensor.ventomaxx_pwm_analyser_pwm_fan_sieht_mosfet_invertiert,48.4532623291016,2026-03-19T20:47:56.422Z
sensor.ventomaxx_pwm_analyser_pwm_fan_sieht_mosfet_invertiert,48.301383972168,2026-03-19T20:47:59.443Z
sensor.ventomaxx_pwm_analyser_pwm_fan_sieht_mosfet_invertiert,48.4365997314453,2026-03-19T20:48:02.452Z
sensor.ventomaxx_pwm_analyser_pwm_fan_sieht_mosfet_invertiert,48.0609931945801,2026-03-19T20:48:05.484Z
sensor.ventomaxx_pwm_analyser_pwm_fan_sieht_mosfet_invertiert,48.1060752868652,2026-03-19T20:48:08.520Z
sensor.ventomaxx_pwm_analyser_pwm_fan_sieht_mosfet_invertiert,48.4575347900391,2026-03-19T20:48:11.531Z
sensor.ventomaxx_pwm_analyser_pwm_fan_sieht_mosfet_invertiert,48.2158393859863,2026-03-19T20:48:14.565Z
sensor.ventomaxx_pwm_analyser_pwm_fan_sieht_mosfet_invertiert,48.0283470153809,2026-03-19T20:48:17.607Z
sensor.ventomaxx_pwm_analyser_pwm_fan_sieht_mosfet_invertiert,48.2516403198242,2026-03-19T20:48:20.643Z
sensor.ventomaxx_pwm_analyser_pwm_fan_sieht_mosfet_invertiert,47.9489593505859,2026-03-19T20:48:23.651Z
sensor.ventomaxx_pwm_analyser_pwm_fan_sieht_mosfet_invertiert,48.6365242004395,2026-03-19T20:48:26.688Z
sensor.ventomaxx_pwm_analyser_pwm_fan_sieht_mosfet_invertiert,48.1143493652344,2026-03-19T20:48:29.718Z
sensor.ventomaxx_pwm_analyser_pwm_fan_sieht_mosfet_invertiert,48.1865692138672,2026-03-19T20:48:32.737Z
sensor.ventomaxx_pwm_analyser_pwm_fan_sieht_mosfet_invertiert,48.2033538818359,2026-03-19T20:48:35.751Z
sensor.ventomaxx_pwm_analyser_pwm_fan_sieht_mosfet_invertiert,48.6283683776855,2026-03-19T20:48:38.795Z
sensor.ventomaxx_pwm_analyser_pwm_fan_sieht_mosfet_invertiert,48.0012245178223,2026-03-19T20:48:41.893Z
sensor.ventomaxx_pwm_analyser_pwm_fan_sieht_mosfet_invertiert,48.0735397338867,2026-03-19T20:48:44.837Z
sensor.ventomaxx_pwm_analyser_pwm_fan_sieht_mosfet_invertiert,47.9728660583496,2026-03-19T20:48:47.845Z
sensor.ventomaxx_pwm_analyser_pwm_fan_sieht_mosfet_invertiert,47.8756332397461,2026-03-19T20:48:50.877Z
sensor.ventomaxx_pwm_analyser_pwm_fan_sieht_mosfet_invertiert,48.3283157348633,2026-03-19T20:48:53.910Z
sensor.ventomaxx_pwm_analyser_pwm_fan_sieht_mosfet_invertiert,48.3946990966797,2026-03-19T20:48:56.943Z
sensor.ventomaxx_pwm_analyser_pwm_fan_sieht_mosfet_invertiert,47.9612884521484,2026-03-19T20:48:59.988Z
sensor.ventomaxx_pwm_analyser_pwm_fan_sieht_mosfet_invertiert,47.9902420043945,2026-03-19T20:49:02.995Z
sensor.ventomaxx_pwm_analyser_pwm_fan_sieht_mosfet_invertiert,48.0402908325195,2026-03-19T20:49:06.005Z
sensor.ventomaxx_pwm_analyser_pwm_fan_sieht_mosfet_invertiert,47.9222793579102,2026-03-19T20:49:09.037Z
sensor.ventomaxx_pwm_analyser_pwm_fan_sieht_mosfet_invertiert,48.5919342041016,2026-03-19T20:49:12.071Z
sensor.ventomaxx_pwm_analyser_pwm_fan_sieht_mosfet_invertiert,48.2173004150391,2026-03-19T20:49:15.115Z
sensor.ventomaxx_pwm_analyser_pwm_fan_sieht_mosfet_invertiert,48.0655517578125,2026-03-19T20:49:18.132Z
sensor.ventomaxx_pwm_analyser_pwm_fan_sieht_mosfet_invertiert,48.380859375,2026-03-19T20:49:21.167Z
sensor.ventomaxx_pwm_analyser_pwm_fan_sieht_mosfet_invertiert,48.432502746582,2026-03-19T20:49:24.180Z
sensor.ventomaxx_pwm_analyser_pwm_fan_sieht_mosfet_invertiert,48.6364059448242,2026-03-19T20:49:27.202Z
sensor.ventomaxx_pwm_analyser_pwm_fan_sieht_mosfet_invertiert,48.1907119750977,2026-03-19T20:49:30.238Z
sensor.ventomaxx_pwm_analyser_pwm_fan_sieht_mosfet_invertiert,48.485221862793,2026-03-19T20:49:33.262Z
sensor.ventomaxx_pwm_analyser_pwm_fan_sieht_mosfet_invertiert,48.3594970703125,2026-03-19T20:49:37.337Z
sensor.ventomaxx_pwm_analyser_pwm_fan_sieht_mosfet_invertiert,48.0736503601074,2026-03-19T20:49:39.331Z
sensor.ventomaxx_pwm_analyser_pwm_fan_sieht_mosfet_invertiert,48.2422218322754,2026-03-19T20:49:43.419Z
sensor.ventomaxx_pwm_analyser_pwm_fan_sieht_mosfet_invertiert,47.9846267700195,2026-03-19T20:49:45.333Z
sensor.ventomaxx_pwm_analyser_pwm_fan_sieht_mosfet_invertiert,48.1144104003906,2026-03-19T20:49:48.358Z
sensor.ventomaxx_pwm_analyser_pwm_fan_sieht_mosfet_invertiert,48.256778717041,2026-03-19T20:49:51.371Z
sensor.ventomaxx_pwm_analyser_pwm_fan_sieht_mosfet_invertiert,48.5943222045898,2026-03-19T20:49:54.383Z
sensor.ventomaxx_pwm_analyser_pwm_fan_sieht_mosfet_invertiert,48.4726028442383,2026-03-19T20:49:57.412Z
sensor.ventomaxx_pwm_analyser_pwm_fan_sieht_mosfet_invertiert,48.559196472168,2026-03-19T20:50:00.431Z
sensor.ventomaxx_pwm_analyser_pwm_fan_sieht_mosfet_invertiert,48.5349540710449,2026-03-19T20:50:03.454Z
sensor.ventomaxx_pwm_analyser_pwm_fan_sieht_mosfet_invertiert,48.1038589477539,2026-03-19T20:50:06.455Z
sensor.ventomaxx_pwm_analyser_pwm_fan_sieht_mosfet_invertiert,48.5148849487305,2026-03-19T20:50:09.496Z
sensor.ventomaxx_pwm_analyser_pwm_fan_sieht_mosfet_invertiert,48.5180816650391,2026-03-19T20:50:12.496Z
sensor.ventomaxx_pwm_analyser_pwm_fan_sieht_mosfet_invertiert,48.5576095581055,2026-03-19T20:50:15.504Z
sensor.ventomaxx_pwm_analyser_pwm_fan_sieht_mosfet_invertiert,48.6099472045898,2026-03-19T20:50:18.542Z
sensor.ventomaxx_pwm_analyser_pwm_fan_sieht_mosfet_invertiert,48.5309219360352,2026-03-19T20:50:21.577Z
sensor.ventomaxx_pwm_analyser_pwm_fan_sieht_mosfet_invertiert,48.5136032104492,2026-03-19T20:50:24.546Z
sensor.ventomaxx_pwm_analyser_pwm_fan_sieht_mosfet_invertiert,48.0281677246094,2026-03-19T20:50:27.575Z
sensor.ventomaxx_pwm_analyser_pwm_fan_sieht_mosfet_invertiert,48.0201377868652,2026-03-19T20:50:30.592Z
sensor.ventomaxx_pwm_analyser_pwm_fan_sieht_mosfet_invertiert,48.366081237793,2026-03-19T20:50:33.607Z
sensor.ventomaxx_pwm_analyser_pwm_fan_sieht_mosfet_invertiert,48.5634994506836,2026-03-19T20:50:36.629Z
sensor.ventomaxx_pwm_analyser_pwm_fan_sieht_mosfet_invertiert,48.5233535766602,2026-03-19T20:50:39.642Z
sensor.ventomaxx_pwm_analyser_pwm_fan_sieht_mosfet_invertiert,48.4866142272949,2026-03-19T20:50:42.671Z
sensor.ventomaxx_pwm_analyser_pwm_fan_sieht_mosfet_invertiert,48.4118309020996,2026-03-19T20:50:45.681Z
sensor.ventomaxx_pwm_analyser_pwm_fan_sieht_mosfet_invertiert,48.2386322021484,2026-03-19T20:50:48.714Z
sensor.ventomaxx_pwm_analyser_pwm_fan_sieht_mosfet_invertiert,48.0473670959473,2026-03-19T20:50:51.721Z
sensor.ventomaxx_pwm_analyser_pwm_fan_sieht_mosfet_invertiert,48.083324432373,2026-03-19T20:50:54.759Z
sensor.ventomaxx_pwm_analyser_pwm_fan_sieht_mosfet_invertiert,48.1319427490234,2026-03-19T20:50:57.759Z
sensor.ventomaxx_pwm_analyser_pwm_fan_sieht_mosfet_invertiert,48.2705192565918,2026-03-19T20:51:00.800Z
sensor.ventomaxx_pwm_analyser_pwm_fan_sieht_mosfet_invertiert,48.5517730712891,2026-03-19T20:51:03.791Z
sensor.ventomaxx_pwm_analyser_pwm_fan_sieht_mosfet_invertiert,48.5059356689453,2026-03-19T20:51:06.816Z
sensor.ventomaxx_pwm_analyser_pwm_fan_sieht_mosfet_invertiert,48.4973373413086,2026-03-19T20:51:09.833Z
sensor.ventomaxx_pwm_analyser_pwm_fan_sieht_mosfet_invertiert,48.5070495605469,2026-03-19T20:51:12.847Z
sensor.ventomaxx_pwm_analyser_pwm_fan_sieht_mosfet_invertiert,48.4701805114746,2026-03-19T20:51:15.872Z
sensor.ventomaxx_pwm_analyser_pwm_fan_sieht_mosfet_invertiert,48.445240020752,2026-03-19T20:51:18.887Z
sensor.ventomaxx_pwm_analyser_pwm_fan_sieht_mosfet_invertiert,48.3656921386719,2026-03-19T20:51:21.915Z
sensor.ventomaxx_pwm_analyser_pwm_fan_sieht_mosfet_invertiert,48.3911895751953,2026-03-19T20:51:24.926Z
sensor.ventomaxx_pwm_analyser_pwm_fan_sieht_mosfet_invertiert,48.0580139160156,2026-03-19T20:51:27.947Z
sensor.ventomaxx_pwm_analyser_pwm_fan_sieht_mosfet_invertiert,48.0651359558105,2026-03-19T20:51:30.968Z
sensor.ventomaxx_pwm_analyser_pwm_fan_sieht_mosfet_invertiert,48.0693435668945,2026-03-19T20:51:33.989Z
sensor.ventomaxx_pwm_analyser_pwm_fan_sieht_mosfet_invertiert,48.058464050293,2026-03-19T20:51:37.007Z
sensor.ventomaxx_pwm_analyser_pwm_fan_sieht_mosfet_invertiert,48.0495300292969,2026-03-19T20:51:40.028Z
sensor.ventomaxx_pwm_analyser_pwm_fan_sieht_mosfet_invertiert,48.0907440185547,2026-03-19T20:51:43.044Z
sensor.ventomaxx_pwm_analyser_pwm_fan_sieht_mosfet_invertiert,48.1558799743652,2026-03-19T20:51:46.882Z
sensor.ventomaxx_pwm_analyser_pwm_fan_sieht_mosfet_invertiert,48.3233757019043,2026-03-19T20:51:49.140Z
sensor.ventomaxx_pwm_analyser_pwm_fan_sieht_mosfet_invertiert,48.222599029541,2026-03-19T20:51:52.105Z
sensor.ventomaxx_pwm_analyser_pwm_fan_sieht_mosfet_invertiert,48.3621406555176,2026-03-19T20:51:55.580Z
sensor.ventomaxx_pwm_analyser_pwm_fan_sieht_mosfet_invertiert,48.5456809997559,2026-03-19T20:51:58.143Z
sensor.ventomaxx_pwm_analyser_pwm_fan_sieht_mosfet_invertiert,48.4835586547852,2026-03-19T20:52:01.163Z
sensor.ventomaxx_pwm_analyser_pwm_fan_sieht_mosfet_invertiert,48.3549880981445,2026-03-19T20:52:04.189Z
sensor.ventomaxx_pwm_analyser_pwm_fan_sieht_mosfet_invertiert,47.9994201660156,2026-03-19T20:52:07.202Z
sensor.ventomaxx_pwm_analyser_pwm_fan_sieht_mosfet_invertiert,48.4520950317383,2026-03-19T20:52:10.231Z
sensor.ventomaxx_pwm_analyser_pwm_fan_sieht_mosfet_invertiert,48.4574737548828,2026-03-19T20:52:13.240Z
sensor.ventomaxx_pwm_analyser_pwm_fan_sieht_mosfet_invertiert,48.2051696777344,2026-03-19T20:52:16.269Z
sensor.ventomaxx_pwm_analyser_pwm_fan_sieht_mosfet_invertiert,48.0198364257812,2026-03-19T20:52:19.276Z
sensor.ventomaxx_pwm_analyser_pwm_fan_sieht_mosfet_invertiert,48.0059280395508,2026-03-19T20:52:22.311Z
sensor.ventomaxx_pwm_analyser_pwm_fan_sieht_mosfet_invertiert,48.0635566711426,2026-03-19T20:52:25.288Z
sensor.ventomaxx_pwm_analyser_pwm_fan_sieht_mosfet_invertiert,47.8873100280762,2026-03-19T20:52:28.319Z
sensor.ventomaxx_pwm_analyser_pwm_fan_sieht_mosfet_invertiert,48.0461349487305,2026-03-19T20:52:31.336Z
sensor.ventomaxx_pwm_analyser_pwm_fan_sieht_mosfet_invertiert,48.0935668945312,2026-03-19T20:52:34.364Z
sensor.ventomaxx_pwm_analyser_pwm_fan_sieht_mosfet_invertiert,47.9565124511719,2026-03-19T20:52:37.378Z
sensor.ventomaxx_pwm_analyser_pwm_fan_sieht_mosfet_invertiert,48.0498733520508,2026-03-19T20:52:40.399Z
sensor.ventomaxx_pwm_analyser_pwm_fan_sieht_mosfet_invertiert,48.0358390808105,2026-03-19T20:52:43.413Z
sensor.ventomaxx_pwm_analyser_pwm_fan_sieht_mosfet_invertiert,48.3066024780273,2026-03-19T20:52:46.433Z
sensor.ventomaxx_pwm_analyser_pwm_fan_sieht_mosfet_invertiert,48.5072479248047,2026-03-19T20:52:49.445Z
sensor.ventomaxx_pwm_analyser_pwm_fan_sieht_mosfet_invertiert,48.4251365661621,2026-03-19T20:52:52.472Z
sensor.ventomaxx_pwm_analyser_pwm_fan_sieht_mosfet_invertiert,48.2742156982422,2026-03-19T20:52:55.486Z
sensor.ventomaxx_pwm_analyser_pwm_fan_sieht_mosfet_invertiert,48.0712890625,2026-03-19T20:52:58.517Z
sensor.ventomaxx_pwm_analyser_pwm_fan_sieht_mosfet_invertiert,48.021297454834,2026-03-19T20:53:01.536Z
sensor.ventomaxx_pwm_analyser_pwm_fan_sieht_mosfet_invertiert,47.9568862915039,2026-03-19T20:53:04.556Z
sensor.ventomaxx_pwm_analyser_pwm_fan_sieht_mosfet_invertiert,47.9751205444336,2026-03-19T20:53:07.573Z
sensor.ventomaxx_pwm_analyser_pwm_fan_sieht_mosfet_invertiert,48.2083358764648,2026-03-19T20:53:10.576Z
sensor.ventomaxx_pwm_analyser_pwm_fan_sieht_mosfet_invertiert,48.6278686523438,2026-03-19T20:53:13.610Z
sensor.ventomaxx_pwm_analyser_pwm_fan_sieht_mosfet_invertiert,48.4978332519531,2026-03-19T20:53:16.624Z
sensor.ventomaxx_pwm_analyser_pwm_fan_sieht_mosfet_invertiert,48.4182395935059,2026-03-19T20:53:19.654Z
sensor.ventomaxx_pwm_analyser_pwm_fan_sieht_mosfet_invertiert,48.4790496826172,2026-03-19T20:53:22.648Z
sensor.ventomaxx_pwm_analyser_pwm_fan_sieht_mosfet_invertiert,48.4350547790527,2026-03-19T20:53:25.670Z
sensor.ventomaxx_pwm_analyser_pwm_fan_sieht_mosfet_invertiert,48.5451583862305,2026-03-19T20:53:28.685Z
sensor.ventomaxx_pwm_analyser_pwm_fan_sieht_mosfet_invertiert,48.4184722900391,2026-03-19T20:53:31.712Z
sensor.ventomaxx_pwm_analyser_pwm_fan_sieht_mosfet_invertiert,48.3783264160156,2026-03-19T20:53:34.723Z
sensor.ventomaxx_pwm_analyser_pwm_fan_sieht_mosfet_invertiert,48.4201583862305,2026-03-19T20:53:37.742Z
sensor.ventomaxx_pwm_analyser_pwm_fan_sieht_mosfet_invertiert,48.3560066223145,2026-03-19T20:53:40.763Z
sensor.ventomaxx_pwm_analyser_pwm_fan_sieht_mosfet_invertiert,48.2153015136719,2026-03-19T20:53:43.778Z
sensor.ventomaxx_pwm_analyser_pwm_fan_sieht_mosfet_invertiert,48.1726913452148,2026-03-19T20:53:47.486Z
sensor.ventomaxx_pwm_analyser_pwm_fan_sieht_mosfet_invertiert,48.3812789916992,2026-03-19T20:53:49.821Z
sensor.ventomaxx_pwm_analyser_pwm_fan_sieht_mosfet_invertiert,48.4259338378906,2026-03-19T20:53:52.841Z
sensor.ventomaxx_pwm_analyser_pwm_fan_sieht_mosfet_invertiert,48.1083183288574,2026-03-19T20:53:55.867Z
sensor.ventomaxx_pwm_analyser_pwm_fan_sieht_mosfet_invertiert,48.1584320068359,2026-03-19T20:53:58.891Z
sensor.ventomaxx_pwm_analyser_pwm_fan_sieht_mosfet_invertiert,48.2323837280273,2026-03-19T20:54:02.517Z
sensor.ventomaxx_pwm_analyser_pwm_fan_sieht_mosfet_invertiert,48.4539566040039,2026-03-19T20:54:04.915Z
sensor.ventomaxx_pwm_analyser_pwm_fan_sieht_mosfet_invertiert,48.6006622314453,2026-03-19T20:54:07.921Z
sensor.ventomaxx_pwm_analyser_pwm_fan_sieht_mosfet_invertiert,48.2192077636719,2026-03-19T20:54:10.957Z
sensor.ventomaxx_pwm_analyser_pwm_fan_sieht_mosfet_invertiert,48.5191650390625,2026-03-19T20:54:13.965Z
sensor.ventomaxx_pwm_analyser_pwm_fan_sieht_mosfet_invertiert,48.5380935668945,2026-03-19T20:54:16.984Z
sensor.ventomaxx_pwm_analyser_pwm_fan_sieht_mosfet_invertiert,48.4979553222656,2026-03-19T20:54:20.006Z
